Chipotle Mexican Grill,CMG,10.947,536.19,5869.67193
Facebook,FB,40.256,107.32,4320.27392
Amazon.com,AMZN,12.672,668.45,8470.5984
ALLERGAN,AGN,19.462,312.46,6081.09652
Apple,APPL,23.826,119.30,2842.4418
VALEANT Pharmaceuticals International,VRX,48.371,91.00,4401.761
General Electric,GE,345.261,30.66,10585.70226
NetFlix,NFLX,26.381,123.84,3267.02304
Pfizer,PFE,206.369,32.18,6640.95442
ALPHABET-A,GOOGL,8.726,777.00,6780.102
